Title,Rating,Reviews,Discount Price,Original Price,Off
Tecno Spark 30,,,36,39,8
Nokia 105 Classic,4.8,66,3,4,11
Infinix Note 40,4.8,188,48,57,16
Xiaomi Redmi Note 13,4.9,422,42,52,19
Jazz Digit E2 Pro 4G,4.8,132,6,9,35
Infinix Hot 40,4.8,190,34,37,8
AllCall Shine 12 Pro,,,19,20,9
Samsung Galaxy A05s,4.9,86,33,38,13
Infinix Hot 50i,5.0,1,30,32,8
Vivo Y03t,5.0,3,25,27,10
Nokia 125 (2024),5.0,5,5,5,1
Nokia 105 2023,4.8,84,4,4,18
Samsung Galaxy A55 5G,4.8,70,122,139,12
Tecno Spark Go 1,4.9,7,23,25,10
ZTE Nubia Music,5.0,2,23,24,6
Tecno Camon 30S,5.0,3,53,59,10
Calme 4g Premium,4.6,8,9,9,7
Infinix Zero 40 4G,4.7,5,63,69,9
Realme Note 60,4.8,17,23,26,11
GFive 4G Smart,,,6,7,20
Tecno SPARK 30C,5.0,4,29,32,9
Nokia 108 (2024),4.7,6,4,,
Xiaomi Redmi A3x,4.8,101,16,20,20
Jazz Digit Energy 4G,4.8,95,5,7,17
Realme C63,4.8,51,31,36,14
Itel It2165,4.9,13,2,,
Qmobile QSmart Ultra,4.8,22,22,29,23
Nokia 5310 (2020),4.9,19,9,10,8
Nokia 106 2023,4.9,125,4,4,6
VGO TEL Note 23,4.8,329,26,31,16
Sparx Neo 7 Ultra,4.8,168,22,27,17
AllCall Shine 12T,4.5,2,16,18,9
ZTE Nubia V60 Design,4.9,14,26,30,13
Infinix Hot 50 Pro,5.0,3,42,44,6
Tecno SPARK 30 Pro,4.8,11,40,45,11
MeMobile Power Pro,5.0,1,2,3,38
Tecno SPARK 30 Pro,4.8,11,40,45,11
Vivo Y100,4.9,29,50,56,11
Xiaomi Redmi 10A,4.9,245,20,29,32
Sparx Note 12,4.5,2,24,27,12
Dcode Cygnal 2,4.6,15,17,25,31
Sparx Neo X,4.8,69,19,31,40
Itel A50,5.0,3,16,19,15
Honor X6a,4.9,47,24,30,20
Infinix Smart 8 Pro,4.9,90,24,27,11
Xiaomi Poco C75,5.0,2,34,36,6
itel P55 Plus,5.0,2,27,32,17
Xiaomi Redmi A3,4.9,268,19,23,17
Xiaomi Redmi 13C,4.9,745,28,31,9
Sparx Neo 8,,,21,29,27
Samsung Galaxy A15,4.9,234,45,52,14
Xiaomi Redmi 13,4.9,80,34,39,14
ZTE Blade V60 Smart,3.0,1,23,25,8
Sparx Edge 20 Pro,4.9,40,41,52,20
Samsung Galaxy A05,4.9,269,20,24,16
itel Muzik 410 Pro,,,3,4,7
Tecno Camon 30,4.9,129,47,57,18
Infinix Smart 7 HD,4.9,84,17,18,8
GFive 6700 4G (2024),4.8,27,6,8,21
Itel P55,4.8,22,22,27,20
Samsung Galaxy A25,4.8,17,71,98,27
Infinix Smart 8 Plus,4.9,95,23,26,13
Samsung Galaxy A06,4.9,9,24,26,7
Infinix Smart 8,4.8,99,21,24,12
Nokia 6310 (2021),4.9,11,10,11,7
Infinix Smart 9 HD,,,23,25,8
Vivo V40,5.0,5,125,139,10
Digit 4G Energy Max,4.9,24,8,9,16
Oppo A3x,5.0,7,31,34,9
Realme 13+ 5G,,,77,89,14
Oppo A18,5.0,17,29,31,9
Villaon V30,4.9,11,12,13,8
Villaon V30,4.9,11,12,13,8
Infinix Hot 50,5.0,2,37,39,5
Xiaomi Redmi Note 13 Pro Plus,4.8,49,131,146,10
Honor X7b,4.9,6,47,59,21
Dcode Bold 3,4.7,48,29,39,26
Realme C61,4.9,20,29,32,10
Tecno Spark 20,4.9,239,29,32,9
Samsung Galaxy A35 5G,4.7,22,99,119,17
itel Muzik 400,4.9,46,4,,
Oppo A78,4.9,28,58,64,10
Vivo Y28,4.9,9,40,46,15
Oppo A60,4.8,5,50,54,8
Realme C53,4.8,98,30,34,14
Realme Note 50,4.8,211,22,24,10
Itel It5361,5.0,5,3,4,5
Calme Hero 4G,4.8,52,7,10,25
Tecno Spark Go 2024,4.9,106,22,24,11
Tecno Spark 20 Pro Plus,4.8,136,54,59,9
Realme 12 4G,5.0,5,54,59,10
VGO TEL New 24,4.8,91,19,20,7
VGO TEL New 16,4.8,21,17,18,3
VGO Tel New 26,4.7,3,25,27,7
Sparx ultra 8 pro,5.0,4,31,35,13
GFive Style 4G,5.0,20,5,8,25
Samsung Galaxy S24 Ultra,4.8,44,410,469,13
Oppo A3,5.0,2,45,49,8
Sparx Neo 7 Pro,4.9,25,19,27,27
Faywa Smart Flip,,,3,,
Samsung Galaxy A24 4G,4.9,178,57,79,28
Vivo V40e,,,88,99,11
Faywa Smart 4G,4.8,8,7,9,23
Calme C885,,,3,,
Samsung Galaxy S24 Ultra (12GB-256GB),4.9,26,383,434,12
Tecno Spark Go 2023,4.9,65,20,30,32
Calme Four Sim,,,3,,
Faywa Diamond,4.9,15,3,4,10
Xiaomi Redmi Note 13 Pro,4.9,295,61,74,18
VGO TEL Smart HI-FI,4.8,5,4,5,8
Tecno Spark 20 Pro,4.9,70,38,40,6
Calme Music 400,,,3,,
Nokia 110 2023,5.0,1,5,6,13
Itel Power 700 2024,,,4,4,2
Sparx Note 20,4.8,33,34,37,8
Itel Muzik 430,5.0,26,3,3,4
Calme 4G Hot,5.0,15,5,5,0
Itel A05s,4.9,37,18,20,10
GFive Falak,4.6,4,3,3,6
Club Mobile A90+,,,2,3,4
Infinix Smart 9,,,26,28,7
Itel It2176,4.8,5,3,,
Calme C552,,,3,,
Vivo Y18,4.9,13,33,38,12
Calme 4G Spark,4.6,4,9,9,5
Faywa Smart Max,4.8,3,3,3,19
VGO TEL Four 44,,,3,,
ZTE Blade A35,5.0,1,17,18,6
Sparx Neo 5 Pro,5.0,5,17,18,7
Qmobile E 3000,,,3,,
Poco M6 Pro,5.0,9,83,89,7
VGO TEL Four 22,4.9,6,3,,
Itel S24,4.9,86,25,33,26
Oppo Reno 11 5G,5.0,5,101,129,22
Club Mobile 4 Plus (4-sim),,,3,3,4
FAYWA Eagle 2 (4 SIM),4.8,32,2,3,28
Apple iPhone 12,5.0,23,174,200,13
Digit Infinity,4.9,56,13,22,42
Memobile Ismart Max,,,3,3,3
VNUS SE22,4.4,11,16,27,42
itel S23 Plus,4.9,4,37,44,17
Faywa Smart 2,5.0,1,3,3,6
CALME M23,5.0,1,2,2,6
Club Mobile 15 pro Metal,,,3,3,3
CALME M23,5.0,1,2,2,6
VGO TEL New 15,4.9,59,17,,
Club Mobile 15 pro Metal,,,3,3,3
calme CL 888,4.0,1,3,,
ZTE Blade A55,4.8,10,19,20,6
itel A70,4.9,48,19,23,19
Apple iPhone 12,5.0,23,174,200,13
Vivo Y19s,5.0,2,34,38,12
Club Mobile Light club pro,,,2,,
Tecno Pop 7,4.9,21,17,20,14
QMobile QSmart 8,5.0,4,18,18,4
Gfive Baadshah,,,3,,
Sparx Neo 8 Pro,5.0,5,22,23,2
Calme 4G turbo,4.7,1,4,,
VGO TEL New 25,,,24,26,6
FAYWA Prime 1,,,2,2,6
Faywa Smart 3,5.0,2,3,5,25
Apple iPhone 11,4.7,151,138,207,33
Calme 4G Super,,,6,,
Itel Neo X30+,4.6,9,6,7,7
Honor X8b,4.9,10,69,79,13
Infinix Smart 6,4.9,89,18,30,39
GFive Music 200,4.8,9,2,,
Hello Tech G7,,,2,,
Samsung Galaxy Z Flip 6,5.0,1,335,384,13
Apple iPhone 14,5.0,3,274,299,8
Gfive 15 Pro,,,3,3,4
Calme 4g Platinum,4.7,3,5,,
FAYWA Eagle 1,,,3,3,7
Oppo Reno 12F 4G,4.8,12,54,59,10
Realme C65,5.0,3,43,44,3
VGO TEL NEW 12,4.8,43,15,16,4
Calme Music 500,,,3,,
Faywa F110,4.2,6,2,2,10
Nokia C12 Pro,,,19,22,17
Samsung Galaxy S23 FE,4.9,39,179,204,12
Villaon Pock 1,4.9,5,3,,
Xiaomi 14T Pro,5.0,2,203,229,11
Calme 4G king,5.0,1,9,9,5
E-Tachi Mega Music,5.0,1,3,3,6
Samsung Galaxy Z Fold 6,5.0,1,549,604,9
Calme M17,,,2,,
Oppo Reno 12F 5G,,,82,89,8
Villaon V210,,,2,,
Infinix Note 40 Pro Plus,5.0,3,75,99,24
VGO TEL i10,5.0,2,3,,
Itel It5262,5.0,4,3,3,3
Calme Ultra Slim,1.0,1,2,,
Calme CL251,,,2,3,18
FAYWA Prime 2,5.0,1,2,2,12
Qmobile Spark 4000,5.0,3,3,,
Apple iPhone 16 Pro Max,5.0,1,519,540,4
GFive Smart,5.0,4,2,,
E-Tachi E8 Classic,5.0,1,3,,
FAYWA SMART 1,5.0,1,3,4,15
Xiaomi 14,4.2,5,238,339,30
GFive 4G Ultra Pro,5.0,4,6,7,20
Calme Power light,,,3,,
Samsung Galaxy A04s,4.9,210,27,39,30
Samsung Galaxy S23 Ultra,4.5,13,336,382,12
Apple iPhone 16,,,355,369,4
Sparx Neo 5 Plus,4.8,34,18,19,6
Sparx Neo 11,5.0,7,19,25,22
XSmart Nova 7,5.0,2,19,20,2
Villaon V220,,,2,,
Hello Tech G2 Lite,,,2,,
Tecno Spark 20C,4.9,110,25,27,7
VGO TEL i251,4.5,6,3,,
VGO TEL i710,,,4,,
GFive Soldier,4.5,2,3,,
Calme Music 300,,,3,,
Calme 4G Edge,,,9,9,4
Calme C222,,,3,,
Memobile E100,,,2,2,8
Memobile I touch,,,3,3,4
Memobile Platinum,,,3,3,6
XSmart Nova 7,5.0,2,19,20,2
Villaon V220,,,2,,
Hello Tech G2 Lite,,,2,,
Nokia C31,4.9,35,22,33,33
Samsung Galaxy A54 5G,4.9,136,105,140,25
Samsung Galaxy S24,5.0,10,250,289,13
Infinix GT 20 Pro,4.7,23,88,99,12
Itel P40 4G,4.8,52,18,21,15
Itel It 5031,5.0,3,3,,
Sparx Neo 6 Plus,5.0,1,18,19,7
GFive iMaxx,,,2,,
Calme battery ka pehlwan,5.0,2,3,,
Calme C108,,,2,,
calme C661,,,2,,
me Mobile Power 4,5.0,1,3,3,3
Memobile Dj Power,5.0,2,3,3,3
GRESSO Jugnu,4.5,2,2,,
XSmart Mate 10,4.8,4,21,24,14
Honor 90 Lite,5.0,2,83,89,7
VGO TEL iMusic Lite,5.0,2,3,,
XMobile Disco Plus,,,3,,
E-Tachi E40i,5.0,3,3,3,3
E-Tachi Mega Music Pro,,,3,3,7
E-tachi iPro Fold,5.0,2,4,5,5
Faywa F7,,,2,2,10
Faywa Pro 1 4g,,,7,7,0
Hello Tech G1,,,2,,
Qmobile Q Galaxy,,,5,,
Xiaomi Redmi 14C,4.7,21,27,29,7
Xiaomi 14T,4.7,6,156,175,11
VGO TEL S22,,,4,,
GFive Big Falak,,,3,,
Calme 4g Star,4.9,9,7,8,6
Calme 4g Cloud,,,5,,
XMobile X2 Play,,,2,,
Itel Magic 4,4.9,6,4,6,31
KXD Classic core A06,5.0,2,17,22,22
Villaon V30 RS,4.8,3,19,20,5
Hello Tech E7,,,2,,
Nokia G21,4.8,202,24,29,18
Realme C51,4.9,241,24,28,14
GFive Lion,,,3,,
GFive Power Bank,5.0,2,3,,
Calme C251 Lite,,,2,,
Calme Ultra Pro X,,,3,,
Memobile Plantinum 2,,,3,3,3
XMobile Music Master,,,3,,
Spice S5,,,2,,
Honor 90,5.0,1,144,179,19
KXD Classic Core A09,,,20,22,9
Hello Tech V2,,,2,,
QMobile Qsmart Blaze,4.8,30,14,21,33
Calme M16,,,2,,
Calme C251,,,2,3,18
Calme iMax,5.0,3,2,,
Calme 4G LITE,,,7,,
Calme C112,,,2,,
Calme 4G Music,5.0,3,5,,
Memobile XL 4000,,,3,3,3
GRESSO E3100,4.9,7,2,2,9
Sparx Neo 8 Plus,,,21,22,7
Dcode Cygnal 4 Lite,,,20,23,13
FAYWA J3 Slim,5.0,3,2,3,25
Faywa NEX1 4G,5.0,2,7,7,3
HONOR X9b,5.0,1,108,129,16
KXD Classic core A07,5.0,5,18,22,17
KXD Classic Core A10,,,22,24,8
Villaon V5606,5.0,1,2,,
QMobile QStar Max,4.9,9,4,,
Apple iPhone 13,5.0,12,240,274,13
Itel A49 Play,4.9,9,16,16,4
E-Tachi Music E10,5.0,1,3,,
E-Tachi B2 Pro,,,2,2,2
Spice S5026,,,2,,
Club Mobile Maula Jutt,5.0,3,3,3,2
Faywa E1000 Music,,,3,,
VGO TEL iMusic,4.0,4,3,,
Calme Music 600,5.0,2,3,,
MeMobile M106,5.0,1,2,2,2
Hello Tech E5,,,2,,
Samsung Galaxy A04,4.9,645,24,35,30
GFive Rocky,4.7,9,2,,
Digit Next Ultra,,,18,23,20
ZTE Nubia Focus 5g,,,41,44,7
me Mobile I251,5.0,3,2,,
GRACE 9,5.0,1,24,25,5
Memobile iPower pro,5.0,1,2,,
GRESSO 4sim,,,3,,
UMIDIGI A15,5.0,1,39,42,7
XMobile Champion,,,3,,
XMobile Dabang Plus,,,3,,
XMobile X1000 Music,,,3,,
XMobile X4i,,,3,,
Xmobile X6,,,3,,
Xmobile Boom I,5.0,1,3,3,5
E-Tachi iPro,5.0,14,4,,
Club Mobile Rainbow 5000,5.0,1,3,3,4
Club Mobile A1000 plus,,,3,3,5
FAYWA Prime 3,3.6,4,2,2,12
Dcode Cygnal 3 Pro,4.9,85,19,30,36
Hello Tech S1,,,2,,
Hello Tech E500,,,2,,
Hello Tech G3,,,2,,
Hello Tech G8,,,3,,
VGO TEL S9,5.0,1,4,,
Itel A26,4.9,18,16,22,27
Itel Power 700 Core,4.9,17,3,4,8
Qmobile E 2000 Music,5.0,2,3,,
Honor X6,4.8,71,25,29,15
Sparx Neo 6,4.8,20,15,16,6
XSmart Nova 5,,,18,,
UMIDIGI G3 Plus,,,24,29,17
Calme C5310,,,2,,
Calme C107,,,2,,
Calme M116,,,2,,
Calme C17,,,2,,
ZTE Nubia Focus Pro 5G,3.7,3,53,57,7
me Mobile Magic Power,5.0,4,2,2,10
Memobile Hungama Shine,,,3,3,1
REMAXX R1280,,,2,2,0
REMAXX R105,5.0,2,2,,
REMAXX Thunder Pro,,,2,2,0
XMobile Mega Gabbar,,,3,4,2
XMobile Music King,,,3,,
E-Tachi Mega King,4.5,2,3,,
Club Mobile Noori naath,,,3,3,3
Club Mobile Night Club Pro,5.0,1,2,2,3
Club Mobile Rambo,,,2,3,14
Faywa Music 700,,,3,3,2
Samsung Galaxy Z Fold 4,4.9,27,341,539,37
Samsung Galaxy A14,4.9,380,35,56,37
Realme 12+ 5G,4.8,26,72,79,9
Tecno Phantom V Flip,,,159,199,20
VGO TEL S10,5.0,1,4,,
VGO TEL i15,,,4,,
Calme Ultra Lite S,5.0,1,2,,
me Mobile L109,,,3,,
GRESSO E1280,5.0,16,2,3,7
GRESSO Turbo 2 Plus,5.0,3,2,,
Honor X5 Plus,4.8,10,24,28,14
Xiaomi Mix Flip,,,334,399,16
VGO TEL S10,5.0,1,4,,
VGO TEL i15,,,4,,
Calme Ultra Lite S,5.0,1,2,,
me Mobile L109,,,3,,
GRESSO E1280,5.0,16,2,3,7
GRESSO Turbo 2 Plus,5.0,3,2,,
Honor X5 Plus,4.8,10,24,28,14
Honor X9a 5G,,,101,129,22
XMobile Music Ka Sultan Plus,,,3,,
XMobile Gabbar Plus,,,3,,
XMobile X4 Plus,,,3,,
E-Tachi Magic E5,5.0,2,3,,
Club Mobile Music 400,,,3,,
FAYWA F2,,,2,2,14
FAYWA F111,5.0,1,2,,
Sparx Neo 8 lite,,,18,19,8
Xsmart Core X,5.0,1,20,22,7
UMIDIGI A15C,,,35,37,7
Vivo Y21T,4.8,31,48,79,39
Tecno Phantom V Fold,,,279,349,20
Calme C16,,,2,2,20
Calme E1000,,,3,,
Calme Sound Master,,,3,,
DIGIT Hero,,,4,7,46
GRESSO CR7,5.0,2,2,,
XMobile Gabbar Pro Plus,,,3,,
XMobile X1000 Party,,,3,,
GIONEE L800i,,,3,,
Xmobile Dabang Pro,,,3,,
Faywa F10,,,2,3,11
Memobile iSmart Gold,,,3,,
Calme Spark,5.0,2,2,,
Memobile Hungama Max,,,3,,
OUKITEL C36,,,20,20,2
REMAXX R110,4.5,2,2,2,0
Xmobile X101,5.0,1,2,,
Faywa Music 500,,,3,3,8
CALME 4G Power,5.0,3,9,9,4
REMAXX Hero,5.0,1,2,,
Xmobile D4 Lite,4.0,1,4,,
Xmobile X4 Ultra,,,3,,
Faywa J1 Classic,,,3,,
Faywa Music 800,,,3,3,6
AllCall Magic 15,,,18,19,4
Memobile ismart,3.3,3,3,3,3
Xmobile G3 Plus,,,3,,
itel Value 100,4.9,69,2,2,3
Calme C7 pro,4.5,4,3,,
Gresso A10,,,3,,
REMAXX Eco,5.0,1,2,2,0
VGO TEL i20,,,4,,
XMOBILE E4 NEW,5.0,1,3,,
Xmobile Power X,,,3,,
Xmobile X2 Plus,,,2,,
Xmobile X16,4.0,1,3,,
Faywa F4,,,2,2,3
QMobile SL50i,4.8,3,3,,
Qmobile QGuru,4.9,10,1,,
Nokia 2660 Flip,5.0,36,16,,
Oppo A54,4.9,107,36,,
Infinix Hot 30i,4.9,41,22,,
Xiaomi Redmi A1+,4.9,321,16,,
Samsung Galaxy A13,4.9,403,32,,
Samsung Galaxy S22 Ultra,4.9,101,289,,
Samsung Galaxy S22,4.9,25,194,,
Samsung Galaxy Z Flip 5,5.0,2,303,,
Vivo Y03,4.9,38,25,,
Realme GT 6,,,149,,
Tecno Camon 20 Pro,4.9,79,43,,
Tecno Spark 20C,4.9,110,25,,
itel P17 Pro,4.8,54,11,,
Itel Super Guru 600,4.7,19,3,,
XMobile F6 Plus,4.7,3,3,,
XMobile X1,4.8,5,2,,
XMobile X3,5.0,2,2,,
E-Tachi B12,5.0,5,2,,
E-Tachi B13,5.0,1,2,,
E-Tachi Music E1000,,,3,,
E-Tachi E4i,,,4,,
E-Tachi E5310 Lite,,,3,,
E-Tachi E777,,,3,,
E-tachi B2 Lite,,,2,,
E-tachi Five Star,,,4,,
Club Mobile A1000,4.8,4,3,,
Club mobile One Plus,,,3,,
Faywa L1,5.0,3,2,,
Dcode Bold 2,4.8,24,18,,
VGO TEL i12,5.0,2,4,,
GFive Style,5.0,2,2,,
GFive 2Eye,4.7,13,1,,
GFive star,5.0,8,1,,
GFive Mega,,,2,,
GFive Ultra pro,4.5,6,3,,
Jazz Digit Crown 4G,,,6,,
Jazz Digit E3 Pro 4G,4.8,73,10,,
Digit Infinity Max,,,18,,
ZTE Blade A72s,4.9,138,22,,
ZTE Blade A54,4.8,46,18,,
me Mobile Magic Star,4.9,21,3,,
Memobile Banana,5.0,4,2,,
GRESSO R106 Pro,,,2,,
GRESSO R106,5.0,1,2,,
QMobile SL100 Power,4.7,3,4,,
QMobile E400i,,,3,,
QMobile Music 400 Pro,5.0,2,3,,
QMobile SL100 Big,4.5,4,4,,
QMobile QHero,5.0,1,3,,
GFive G3310,5.0,2,2,,
GFive Big Fighter,4.3,2,2,,
GFive Fighter,5.0,2,2,,
GFive Rock,,,2,,
GFive pro,5.0,9,3,,
Digit Glory 1,4.7,25,12,,
Digit 4G Power Max,4.6,4,6,,
MeMobile Grace 10,,,29,,
Memobile XL300,3.0,1,3,,
Honor X5,4.8,32,15,,
XMobile X4,,,3,,
XMobile Jeet,5.0,1,2,,
XMobile X4 Lite,5.0,1,3,,
XMobile X1 Lite,5.0,1,2,,
E-Tachi B105 Lite,4.9,6,2,,
E-Tachi B555,5.0,3,2,,
E-tachi Star One,,,3,,
Club Mobile A3000,4.6,4,3,,
Villaon V112,5.0,1,2,,
QMobile SL100 Power,4.7,3,4,,
QMobile E400i,,,3,,
QMobile Music 400 Pro,5.0,2,3,,
QMobile SL100 Big,4.5,4,4,,
QMobile QHero,5.0,1,3,,
QPhantom,,,4,,
Nokia 130,4.7,48,5,,
Nokia 105 2022,4.9,99,6,,
Nokia 3210,4.7,3,12,,
Samsung Galaxy A34,4.9,131,83,,
Samsung Galaxy Z Fold 5,5.0,3,589,,
Apple iPhone 15 Plus,,,377,,
Oppo A38,4.9,27,40,,
Oppo Reno 11F 5G,4.8,62,78,,
Infinix Note 30,4.9,475,41,,
Infinix Hot 40 Pro,4.9,145,38,,
Xiaomi Redmi 12,4.9,1003,35,,
E-Tachi B105 Lite,4.9,6,2,,
E-Tachi B555,5.0,3,2,,
E-tachi Star One,,,3,,
Club Mobile A3000,4.6,4,3,,
Dcode Cygnal 2 Pro,4.9,88,16,,
Villaon V112,5.0,1,2,,
QMobile SL100,,,3,,
QMobile Music Ka Sultan,,,3,,
Qmobile QGuru Plus,4.8,19,2,,
Qmobile Q150,4.8,2,2,,
Nokia 105,4.9,18,5,,
Nokia 110 2022,,,7,,
Nokia C22,4.4,4,22,,
Infinix Hot 30,4.9,188,30,,
Infinix Note 40 Pro,4.9,39,79,,
Oppo A58,4.9,24,43,,
Xiaomi Redmi 12C,4.9,520,23,,
Xiaomi Redmi A2 Plus,4.9,541,19,,
Poco X6 Pro 5G,5.0,48,122,,
Poco F6,4.7,5,131,,
Poco F6 Pro,5.0,1,169,,
Apple iPhone 14 Pro,4.5,6,505,,
Apple iPhone 15 Pro,5.0,1,399,,
Vivo Y22,4.9,26,34,,
Vivo Y27s,4.9,24,40,,
Tecno Phantom V Flip 2 5G,,,104,,
Dcode Cypher,4.6,7,24,,
Dcode Cygnal 2 Lite,4.5,12,15,,
VGO TEL New 22,4.7,37,17,,
VGO TEL i102,,,2,,
VGO-TEL V5310,,,4,,
Jazz Digit Music 4G,5.0,1,7,,
GFive G251,,,3,,
GFive Rose,,,3,,
GFive Gold,4.9,6,2,,
GFive Don,5.0,4,2,,
GFive 6700 4G,4.8,7,7,,
GFive Prime,5.0,2,2,,
GFive Guru,5.0,2,2,,
GFive Music 300,3.0,3,2,,
Calme 4G Smart,5.0,5,9,,
Digit Play 1,4.8,33,13,,
ZTE Blade A31 Plus,4.8,15,12,,
ZTE Blade A51,4.9,22,13,,
ZTE Nubia Neo 2 5G,4.9,16,51,,
me Mobile M-1110,5.0,1,2,,
me Mobile L788,5.0,1,2,,
E-Tachi E5310,,,3,,
E-Tachi B222 lite,,,2,,
E-Tachi B222,,,2,,
E-Tachi Magic E4,,,3,,
FAYWA Magic 1,,,2,,
Itel SG600,4.8,3,3,,
Sparx Ultra 11,4.4,7,27,,
Qmobile E1000 Party 2021,,,3,,
Qmobile Q150s,4.6,7,2,,
QMobile QStar,5.0,3,3,,
QMobile E990i Sirocco,4.8,5,3,,
Qmobile Classic,4.0,1,2,,
Qmobile QSpark,,,2,,
Qmobile Qicon,,,2,,
Nokia 230 Dual SIM,4.0,6,12,,
Nokia 110 (2019),4.9,25,6,,
Nokia C21,4.8,59,15,,
Nokia 105 Plus,4.9,60,5,,
Samsung Galaxy Z Flip 4,4.9,14,204,,
Apple iPhone 14 Plus,,,420,,
Apple iPhone 15,5.0,1,321,,
Apple iPhone 15 Pro Max,5.0,11,459,,
Infinix Zero 30 5G,4.9,18,94,,
Infinix Zero 30 4G,4.9,223,64,,
Vivo Y73,4.9,3,65,,
Tecno Spark 10C,4.9,111,24,,
Tecno Pova 5 Pro,4.9,123,42,,
Motorola Moto G84 5G,4.9,44,66,,
Dcode Cygnal,4.9,7,21,,
Dcode Bold 3 Pro,4.8,70,41,,
VGO TEL New 7,4.9,37,6,,
VGO TEL NEW 20,4.8,15,18,,
VGO-TEL NEW 10,4.7,12,13,,
Gfive G4 Play,,,3,,
GFive Dhoom,5.0,1,2,,
GFive magic pro,5.0,1,3,,
GFive ultra smart,5.0,5,2,,
Calme i14 Max,4.5,2,4,,
Calme C12,,,2,,
Jazz Digit Shine 4G,5.0,6,7,,
Digit E4 Pro 4G,5.0,7,9,,
ZTE Blade V30 Vita,4.9,88,19,,
me Mobile L108,5.0,1,2,,
me Mobile Magic Sound,5.0,1,2,,
me Mobile Magic Star Pro,,,2,,
me Mobile M6310,4.4,3,2,,
Gresso Rock star,,,4,,
VNUS Sky 1,4.8,30,11,,
OUKITEL C32,,,25,,
XMobile SL100 Plus Lite,5.0,3,3,,
E-Tachi B105,5.0,4,2,,
E-Tachi E200,5.0,2,3,,
E-Tachi E444,,,3,,
E-Tachi iPro Max,5.0,2,4,,
E-TACHI B01,,,2,,
Club Mobile Ali Baba,,,2,,
Itel S23 4G,4.9,784,20,,
Villaon V110,4.0,1,2,,
Infinix Hot 30 Play,4.9,135,23,,
Infinix Note 30 Pro,4.9,221,45,,
Infinix Hot 40i,4.9,178,29,,
Infinix Hot 50 Pro Plus,5.0,4,58,,
QMobile Gabbar,5.0,2,3,,
Qmobile Music Ka Sultan Pro,5.0,2,3,,
QMobile Q130 classic,,,2,,
Qmobile Qneo,,,2,,
Qmobile Qplay,,,2,,
Nokia 130 (2024),4.4,16,6,,
Apple iPhone 14 Pro Max,5.0,6,499,,
Xiaomi Redmi Note 12,4.9,692,44,,
Motorola Moto G23,4.9,67,32,,
Tecno Pova Neo 2,5.0,34,36,,
Tecno Phantom V Fold 2 5G,,,369,,
Itel Power 450,,,3,,
itel P65,5.0,2,27,,
GFive G550 Power,4.8,11,3,,
GFive Boss,,,3,,
Gfive Fire,4.0,2,3,,
Gfive Pro Max,5.0,5,3,,
Calme 4G Prime,,,10,,
Calme D105,,,2,,
ZTE Blade A52,4.9,118,15,,
ZTE Blade A53 Pro,4.9,36,15,,
ZTE Blade V50 Design,4.8,32,27,,
me Mobile M-1110 Lite,4.8,8,2,,
me Mobile Magic Max,5.0,2,2,,
Memobile M110,,,2,,
VNUS Rock 1,5.0,4,10,,
Gionee Q23,,,3,,
Dcode Cygnal 3,4.8,11,18,,
Dcode Cygnal 3 Lite,4.9,30,17,,
VGO TEL i101,4.8,38,2,,
VGO TEL i888,5.0,2,5,,
VGO TEL i252,4.5,2,3,,
VGO-TEL Easy 200,4.0,1,2,,
VGO TEL i510,,,3,,
VGO Tel Smart 8,4.8,5,17,,
E-Tachi 4 Star,,,4,,
E-Tachi E7i,,,3,,
E-tachi E4 Hero,,,2,,
E-tachi Ipro 4g,,,7,,
E-tachi Seven Star,,,4,,
Club Mobile Muzik 4,4.0,1,3,,
Club Mobile Ali Baba 1,,,2,,
Club Mobile Music 110,5.0,1,2,,
FAYWA Magic Power,,,2,,
Qmobile E1000 Party V2,,,3,,
Nokia 150 (2020),5.0,19,9,,
Nokia 110 4G,4.7,6,5,,
Nokia 150 (2023),4.9,30,7,,
Infinix Hot 12,4.9,204,23,,
Infinix Hot 12 Play,4.9,205,28,,
Xiaomi Redmi Note 12S,5.0,6,69,,
Samsung Galaxy A53 5G,4.9,150,92,,
Vivo V30e,5.0,16,95,,
Tecno Camon 18 Premier,4.9,44,74,,
Tecno Camon 18P,4.9,105,45,,
Tecno Camon 19 Pro,4.7,11,49,,
Tecno Camon 20,4.9,197,41,,
itel Muzik 410,,,4,,
itel Value 110s,4.9,170,2,,
Itel Magic 3,4.9,14,5,,
Itel A49,4.9,48,15,,
Gionee Q26,,,3,,
XMobile X2 Selfie,5.0,3,2,,
XMobile X7,,,4,,
Xmobile X50,,,3,,
E-tachi iPro Plus,,,4,,
E-tachi E215 classic,,,3,,
Club Mobile A9 Victory,5.0,2,3,,
Club Mobile A95 Plus,,,3,,
Faywa E2000 Music,,,3,,
Faywa L7,,,2,,
Faywa L9,,,2,,
Faywa Dhoom,,,3,,
Dcode X,5.0,16,46,,
VGO TEL i261,1.0,1,3,,
VGO TEL Beauty,5.0,3,2,,
GFive Champ,,,3,,
Gresso G105,,,2,,
X-CELL XL-602,,,2,,
AllCall Hero 20 Max,,,20,,
QMobile E400 Pro,,,3,,
QMobile G3,5.0,5,4,,
Qmobile E1000 Music,5.0,1,3,,
Qmobile E4 Quad PRO,5.0,2,3,,
Nokia 5710,5.0,5,17,,
Infinix Hot 11 Play,4.9,124,26,,
Infinix Smart 6 HD,5.0,20,19,,
Vivo Y02t,4.9,19,22,,
Vivo V29e,4.8,14,71,,
Tecno Pop 5,4.8,39,17,,
Tecno POP 5 LTE,4.8,91,17,,
Tecno Camon 19 Neo,4.9,353,30,,
Tecno Spark 9T,5.0,8,27,,
GFive music 400,2.5,1,3,,
Calme M221,5.0,2,2,,
Digit Bravo,4.3,2,2,,
me Mobile L110,,,1,,
me Mobile Power Star,,,1,,
me Mobile DJ Master,5.0,1,2,,
Xmobile D4 Ultra,,,4,,
Xmobile Platinum 1000,5.0,2,4,,
Club Mobile 105A,,,2,,
Faywa L5,,,2,,
Faywa Magic Star,,,2,,
Faywa Dabang,,,3,,
Faywa K13,4.9,4,2,,
QMobile i4i,4.5,2,7,,
Qmobile Q105i,,,2,,
Qmobile Qclub,,,3,,
Infinix Hot 20i,4.9,50,24,,
Xiaomi Redmi 10C,4.9,442,23,,
Motorola Moto G85 5G,,,79,,
Vivo V30 5G,5.0,17,129,,
Realme C30,4.9,23,16,,
VGO TEL Beauty Max,,,3,,
GFive Cobra,4.0,1,3,,
me Mobile Power Bold,,,2,,
me Mobile L786,,,2,,
XMobile SL100 Plus,,,3,,
XMOBILE X1 PLAY,,,3,,
Xmobile X101 Plus,,,2,,
Xmobile X Flip,4.7,13,3,,
E-Tachi E200 Lite,,,3,,
Club Mobile A5000,5.0,1,3,,
Faywa L2,5.0,1,2,,
Faywa Music 400 Pro,,,2,,
Faywa Music 400,,,3,,
Faywa F6310,4.7,4,2,,
Samsung Galaxy S24 Ultra (12GB-1TB),5.0,2,444,,
Tecno Camon 18T,4.9,191,41,,
Tecno Pova Neo,4.9,55,22,,
Tecno Camon 19 Pro Mondrian,5.0,4,64,,
VGO TEL I550,,,3,,
GFive Crown,4.5,2,2,,
GFive Hero,4.0,1,3,,
GFive Speed,4.5,1,2,,
Calme C106,5.0,1,2,,
Calme C105,,,2,,
me Mobile Power Max,,,1,,
GRESSO G110,5.0,1,3,,
Xmobile Battery Ka Badshah,,,2,,
E- Tachi Mega Metal,,,3,,
Spice Mega Music,,,2,,
Club Mobile A20,,,3,,
Club Mobile 106,,,2,,
Faywa F3,,,2,,
Faywa Music 600,,,3,,
Faywa SL100,,,3,,
Faywa B1 Mini,,,2,,
itel A70 Pro,4.8,24,20,,
Sparx S7,,,14,,
QMobile Q130 Pro,,,2,,
Nokia 106 (2018),4.8,86,5,,
Xiaomi Redmi Note 12 Pro,4.9,81,81,,
Samsung Galaxy A12,4.8,352,24,,
itel A17,4.9,42,10,,
itel Value 100s,4.8,48,2,,
Itel Power 900,4.0,1,5,,
GFive Disco,5.0,1,3,,
GFive Spark,4.5,3,2,,
GFive Mega Music,,,3,,
me mobile L101,,,1,,
me Mobile L100,,,1,,
me Mobile Power Music,,,1,,
me Mobile L106 Pro,,,1,,
VNUS Boss 1,5.0,6,3,,
Dcode Bold,4.8,24,29,,
VGO TEL Note 24,4.9,212,29,,
E-Tachi E888,,,3,,
Faywa SP1000,,,2,,
Faywa E1000 Party,,,3,,
Faywa K115,,,2,,
Faywa J2 CLASSIC,,,3,,
Faywa K14 (3 SIM),4.9,14,1,,
SparX Edge 20,,,0,,
E-Tachi E550 mini,,,2,,
Club Mobile Magic 3,,,4,,
Faywa F110,,,2,,
GFive Baadshah 2.4,,,2,,
E-Tachi Ipro shine,,,5,,
E-tachi Power 1000,,,4,,
Nokia 100,,,7,,
Calme msuic500,,,3,,
E-tachi I pro 15,,,5,,
Itel it5209,,,3,,
E-tachi Smart Plus,,,3,,
Villaon V230,,,2,,
GFive 4G Style,,,6,,
Calme M15,,,2,,
E-Tachi B12 Star,,,1,,
E-tachi Ipro Ultra,,,4,,
E-tachi Reno Plus,,,4,,
X Mobile G3 Plus,,,3,,
XMobile X4 Music,,,3,,
XMobile X7 Power,,,3,,
XMobile XStudio,,,3,,
E-Tachi Star Light,,,3,,
VGO TEL I700,,,2,,
VGO TEL S500,,,2,,
VGO TEL V3310,,,2,,
Gfive Power King,,,0,,
me Mobile L102,,,1,,
VGO TEL I800,,,2,,
XMobile Xstudio pro,,,3,,
Spice Muzik 400 Core,,,2,,
VGO TEL I255,,,2,,
VGO TEL i11,,,2,,
Calme Classic,,,2,,
Faywa Magic 2,,,2,,
Calme C888,,,3,,
Gresso SILK SLIM,,,3,,
XMobile X6 Lite,,,3,,
E-tachi B13 Vip,,,2,,
Gfive Music 100,,,0,,
E-Tachi E7 pro,,,3,,
